{
  "project_info": {
    "project_number": "60437951731",
    "firebase_url": "https://esp32fproject-default-rtdb.asia-southeast1.firebasedatabase.app",
    "project_id": "esp32fproject",
    "storage_bucket": "esp32fproject.appspot.com"
  },
  "client": [
    {
      "client_info": {
        "mobilesdk_app_id": "1:60437951731:android:b79e0bf0179661a916b386",
        "android_client_info": {
          "package_name": "com.example.flutteresp32"
        }
      },
      "oauth_client": [
        {
          "client_id": "60437951731-152i1lcar1023hij3einti71rsa6h2ak.apps.googleusercontent.com",
          "client_type": 3
        }
      ],
      "api_key": [
        {
          "current_key": "AIzaSyA63hEYI2tFvcVRE-oWLbTSfQbU0Tqu_BI"
        }
      ],
      "services": {
        "appinvite_service": {
          "other_platform_oauth_client": [
            {
              "client_id": "60437951731-152i1lcar1023hij3einti71rsa6h2ak.apps.googleusercontent.com",
              "client_type": 3
            },
            {
              "client_id": "60437951731-p2gjpk6m1kdvctiu3006gmjvpp3k4u3t.apps.googleusercontent.com",
              "client_type": 2,
              "ios_info": {
                "bundle_id": "com.example.flutteresp32"
              }
            }
          ]
        }
      }
    }
  ],
  "configuration_version": "1"
}